"LOCATION","INDICATOR","SUBJECT","MEASURE","FREQUENCY","TIME","Value","Flag Codes"
"RUS","BCI","AMPLITUD","LTRENDIDX","M","2017-06",100.860728529511,
"RUS","BCI","AMPLITUD","LTRENDIDX","M","2017-07",100.741050117245,
"RUS","BCI","AMPLITUD","LTRENDIDX","M","2017-08",100.814572950061,
"RUS","BCI","AMPLITUD","LTRENDIDX","M","2017-09",101.095381288454,
"RUS","BCI","AMPLITUD","LTRENDIDX","M","2017-10",101.465948814839,
"RUS","BCI","AMPLITUD","LTRENDIDX","M","2017-11",101.798733531932,
"RUS","BCI","AMPLITUD","LTRENDIDX","M","2017-12",101.612933962686,
"RUS","BCI","AMPLITUD","LTRENDIDX","M","2018-01",101.265296852764,
"RUS","BCI","AMPLITUD","LTRENDIDX","M","2018-02",101.08806477463,
"RUS","BCI","AMPLITUD","LTRENDIDX","M","2018-03",101.305982946153,
"RUS","BCI","AMPLITUD","LTRENDIDX","M","2018-04",101.547673887802,
"RUS","BCI","AMPLITUD","LTRENDIDX","M","2018-05",101.574132911358,
"RUS","BCI","AMPLITUD","LTRENDIDX","M","2018-06",101.430236874916,
"RUS","BCI","AMPLITUD","LTRENDIDX","M","2018-07",101.398294755999,
"RUS","BCI","AMPLITUD","LTRENDIDX","M","2018-08",101.24721560272,
"RUS","BCI","AMPLITUD","LTRENDIDX","M","2018-09",101.075802401775,
"RUS","BCI","AMPLITUD","LTRENDIDX","M","2018-10",101.058222691076,
"RUS","BCI","AMPLITUD","LTRENDIDX","M","2018-11",101.108929010452,
"RUS","BCI","AMPLITUD","LTRENDIDX","M","2018-12",101.357275478355,
"RUS","BCI","AMPLITUD","LTRENDIDX","M","2019-01",101.448111797347,
"RUS","BCI","AMPLITUD","LTRENDIDX","M","2019-02",101.347379812756,
"RUS","BCI","AMPLITUD","LTRENDIDX","M","2019-03",101.315295290671,
"RUS","BCI","AMPLITUD","LTRENDIDX","M","2019-04",101.384446160664,
"RUS","BCI","AMPLITUD","LTRENDIDX","M","2019-05",101.129855518956,
"RUS","BCI","AMPLITUD","LTRENDIDX","M","2019-06",100.806358743958,
"RUS","BCI","AMPLITUD","LTRENDIDX","M","2019-07",100.739809550893,
"RUS","BCI","AMPLITUD","LTRENDIDX","M","2019-08",100.805946534167,
"RUS","BCI","AMPLITUD","LTRENDIDX","M","2019-09",100.900867753564,
"RUS","BCI","AMPLITUD","LTRENDIDX","M","2019-10",100.827157390872,
"RUS","BCI","AMPLITUD","LTRENDIDX","M","2019-11",100.688228391143,
"RUS","BCI","AMPLITUD","LTRENDIDX","M","2019-12",100.421796464339,
"RUS","BCI","AMPLITUD","LTRENDIDX","M","2020-01",100.043029746595,
"RUS","BCI","AMPLITUD","LTRENDIDX","M","2020-02",99.4744403393718,
"RUS","BCI","AMPLITUD","LTRENDIDX","M","2020-03",98.699767335707,
"RUS","BCI","AMPLITUD","LTRENDIDX","M","2020-04",98.1287816644907,
"RUS","BCI","AMPLITUD","LTRENDIDX","M","2020-05",98.6774394388328,
"RUS","BCI","AMPLITUD","LTRENDIDX","M","2020-06",99.6139519095245,
"RUS","BCI","AMPLITUD","LTRENDIDX","M","2020-07",100.505448623484,
"RUS","BCI","AMPLITUD","LTRENDIDX","M","2020-08",101.115901586297,
"RUS","BCI","AMPLITUD","LTRENDIDX","M","2020-09",101.413154345571,
"RUS","BCI","AMPLITUD","LTRENDIDX","M","2020-10",101.710147947333,
"RUS","BCI","AMPLITUD","LTRENDIDX","M","2020-11",102.032793748905,
"RUS","BCI","AMPLITUD","LTRENDIDX","M","2020-12",102.078586681873,
"RUS","BCI","AMPLITUD","LTRENDIDX","M","2021-01",102.252704919527,
"RUS","BCI","AMPLITUD","LTRENDIDX","M","2021-02",102.514741736476,
"RUS","BCI","AMPLITUD","LTRENDIDX","M","2021-03",102.716608911727,
"RUS","BCI","AMPLITUD","LTRENDIDX","M","2021-04",102.968617351114,
"RUS","BCI","AMPLITUD","LTRENDIDX","M","2021-05",103.422667834294,
"RUS","BCI","AMPLITUD","LTRENDIDX","M","2021-06",103.848135772345,
"RUS","BCI","AMPLITUD","LTRENDIDX","M","2021-07",104.095938661765,
"RUS","BCI","AMPLITUD","LTRENDIDX","M","2021-08",104.318422372665,
"RUS","BCI","AMPLITUD","LTRENDIDX","M","2021-09",104.379685074985,
"RUS","BCI","AMPLITUD","LTRENDIDX","M","2021-10",104.391978365619,
"RUS","BCI","AMPLITUD","LTRENDIDX","M","2021-11",104.181334802861,
"RUS","BCI","AMPLITUD","LTRENDIDX","M","2021-12",104.060157751707,
"RUS","BCI","AMPLITUD","LTRENDIDX","M","2022-01",104.100334861185,
"CHN","BCI","AMPLITUD","LTRENDIDX","M","2017-06",99.6697749207328,
"CHN","BCI","AMPLITUD","LTRENDIDX","M","2017-07",99.772116270753,
"CHN","BCI","AMPLITUD","LTRENDIDX","M","2017-08",99.9460590835412,
"CHN","BCI","AMPLITUD","LTRENDIDX","M","2017-09",100.08605716921,
"CHN","BCI","AMPLITUD","LTRENDIDX","M","2017-10",99.9985260129663,
"CHN","BCI","AMPLITUD","LTRENDIDX","M","2017-11",99.8697470077843,
"CHN","BCI","AMPLITUD","LTRENDIDX","M","2017-12",99.658653103973,
"CHN","BCI","AMPLITUD","LTRENDIDX","M","2018-01",99.3992941910267,
"CHN","BCI","AMPLITUD","LTRENDIDX","M","2018-02",99.2382446247671,
"CHN","BCI","AMPLITUD","LTRENDIDX","M","2018-03",99.4334325752862,
"CHN","BCI","AMPLITUD","LTRENDIDX","M","2018-04",99.6467577098585,
"CHN","BCI","AMPLITUD","LTRENDIDX","M","2018-05",99.7910215024382,
"CHN","BCI","AMPLITUD","LTRENDIDX","M","2018-06",99.7297589107527,
"CHN","BCI","AMPLITUD","LTRENDIDX","M","2018-07",99.5671905253953,
"CHN","BCI","AMPLITUD","LTRENDIDX","M","2018-08",99.3621124081726,
"CHN","BCI","AMPLITUD","LTRENDIDX","M","2018-09",99.029934912458,
"CHN","BCI","AMPLITUD","LTRENDIDX","M","2018-10",98.6346039887487,
"CHN","BCI","AMPLITUD","LTRENDIDX","M","2018-11",98.2865627387075,
"CHN","BCI","AMPLITUD","LTRENDIDX","M","2018-12",98.0170232088636,
"CHN","BCI","AMPLITUD","LTRENDIDX","M","2019-01",97.9523212639849,
"CHN","BCI","AMPLITUD","LTRENDIDX","M","2019-02",98.0623969869136,
"CHN","BCI","AMPLITUD","LTRENDIDX","M","2019-03",98.3123398117799,
"CHN","BCI","AMPLITUD","LTRENDIDX","M","2019-04",98.2917832360689,
"CHN","BCI","AMPLITUD","LTRENDIDX","M","2019-05",98.0939234441053,
"CHN","BCI","AMPLITUD","LTRENDIDX","M","2019-06",97.9887031294258,
"CHN","BCI","AMPLITUD","LTRENDIDX","M","2019-07",98.0127689683996,
"CHN","BCI","AMPLITUD","LTRENDIDX","M","2019-08",98.0746919349083,
"CHN","BCI","AMPLITUD","LTRENDIDX","M","2019-09",98.191431026376,
"CHN","BCI","AMPLITUD","LTRENDIDX","M","2019-10",98.2527239205912,
"CHN","BCI","AMPLITUD","LTRENDIDX","M","2019-11",98.1648774492431,
"CHN","BCI","AMPLITUD","LTRENDIDX","M","2019-12",97.3552587620334,
"CHN","BCI","AMPLITUD","LTRENDIDX","M","2020-01",95.6417304930358,
"CHN","BCI","AMPLITUD","LTRENDIDX","M","2020-02",94.0422694479059,
"CHN","BCI","AMPLITUD","LTRENDIDX","M","2020-03",96.3148084962097,
"CHN","BCI","AMPLITUD","LTRENDIDX","M","2020-04",98.1381216846972,
"CHN","BCI","AMPLITUD","LTRENDIDX","M","2020-05",98.9947248875476,
"CHN","BCI","AMPLITUD","LTRENDIDX","M","2020-06",99.3054443578664,
"CHN","BCI","AMPLITUD","LTRENDIDX","M","2020-07",99.3991271481655,
"CHN","BCI","AMPLITUD","LTRENDIDX","M","2020-08",99.4624512050479,
"CHN","BCI","AMPLITUD","LTRENDIDX","M","2020-09",99.619928955579,
"CHN","BCI","AMPLITUD","LTRENDIDX","M","2020-10",99.7837400620684,
"CHN","BCI","AMPLITUD","LTRENDIDX","M","2020-11",99.930469613213,
"CHN","BCI","AMPLITUD","LTRENDIDX","M","2020-12",99.8504538292722,
"CHN","BCI","AMPLITUD","LTRENDIDX","M","2021-01",99.6089528292666,
"CHN","BCI","AMPLITUD","LTRENDIDX","M","2021-02",99.4524800382487,
"CHN","BCI","AMPLITUD","LTRENDIDX","M","2021-03",99.5292440573014,
"CHN","BCI","AMPLITUD","LTRENDIDX","M","2021-04",99.4377191362128,
"CHN","BCI","AMPLITUD","LTRENDIDX","M","2021-05",99.278842602774,
"CHN","BCI","AMPLITUD","LTRENDIDX","M","2021-06",99.0527942771909,
"CHN","BCI","AMPLITUD","LTRENDIDX","M","2021-07",98.7310298171878,
"CHN","BCI","AMPLITUD","LTRENDIDX","M","2021-08",98.3954858552558,
"CHN","BCI","AMPLITUD","LTRENDIDX","M","2021-09",98.1261285169834,
"CHN","BCI","AMPLITUD","LTRENDIDX","M","2021-10",98.0759678179834,
"CHN","BCI","AMPLITUD","LTRENDIDX","M","2021-11",98.306199060493,
"CHN","BCI","AMPLITUD","LTRENDIDX","M","2021-12",98.4889907790347,
"CHN","BCI","AMPLITUD","LTRENDIDX","M","2022-01",98.4588421929183,
"CHN","BCI","AMPLITUD","LTRENDIDX","M","2022-02",98.2034778643694,
"CHN","BCI","AMPLITUD","LTRENDIDX","M","2022-03",97.7203099079757,
"CHN","BCI","AMPLITUD","LTRENDIDX","M","2022-04",97.358645507571,
"CHN","BCI","AMPLITUD","LTRENDIDX","M","2022-05",97.694952554286,
"CHN","BCI","AMPLITUD","LTRENDIDX","M","2022-06",98.0708170919256,
"CHN","BCI","AMPLITUD","LTRENDIDX","M","2022-07",98.1671864136158,
"CHN","BCI","AMPLITUD","LTRENDIDX","M","2022-08",98.1495636541726,
"CHN","BCI","AMPLITUD","LTRENDIDX","M","2022-09",97.9637361500688,
"CHN","BCI","AMPLITUD","LTRENDIDX","M","2022-10",97.440241387212,
"CHN","BCI","AMPLITUD","LTRENDIDX","M","2022-11",96.9144104467218,
"CHN","BCI","AMPLITUD","LTRENDIDX","M","2022-12",96.9682740727746,
"CHN","BCI","AMPLITUD","LTRENDIDX","M","2023-01",97.9142753530777,
"CHN","BCI","AMPLITUD","LTRENDIDX","M","2023-02",98.8729742094701,
"CHN","BCI","AMPLITUD","LTRENDIDX","M","2023-03",99.5191849559939,
"USA","BCI","AMPLITUD","LTRENDIDX","M","2017-06",100.745372191593,
"USA","BCI","AMPLITUD","LTRENDIDX","M","2017-07",100.923541091413,
"USA","BCI","AMPLITUD","LTRENDIDX","M","2017-08",101.183624650252,
"USA","BCI","AMPLITUD","LTRENDIDX","M","2017-09",101.356941800356,
"USA","BCI","AMPLITUD","LTRENDIDX","M","2017-10",101.324436559972,
"USA","BCI","AMPLITUD","LTRENDIDX","M","2017-11",101.291810694772,
"USA","BCI","AMPLITUD","LTRENDIDX","M","2017-12",101.351156656132,
"USA","BCI","AMPLITUD","LTRENDIDX","M","2018-01",101.401470993449,
"USA","BCI","AMPLITUD","LTRENDIDX","M","2018-02",101.425645751429,
"USA","BCI","AMPLITUD","LTRENDIDX","M","2018-03",101.305619189308,
"USA","BCI","AMPLITUD","LTRENDIDX","M","2018-04",101.179383362679,
"USA","BCI","AMPLITUD","LTRENDIDX","M","2018-05",101.224673326957,
"USA","BCI","AMPLITUD","LTRENDIDX","M","2018-06",101.336753152485,
"USA","BCI","AMPLITUD","LTRENDIDX","M","2018-07",101.397040828325,
"USA","BCI","AMPLITUD","LTRENDIDX","M","2018-08",101.497365795376,
"USA","BCI","AMPLITUD","LTRENDIDX","M","2018-09",101.408808968427,
"USA","BCI","AMPLITUD","LTRENDIDX","M","2018-10",101.198897467555,
"USA","BCI","AMPLITUD","LTRENDIDX","M","2018-11",100.98382408643,
"USA","BCI","AMPLITUD","LTRENDIDX","M","2018-12",100.667486491074,
"USA","BCI","AMPLITUD","LTRENDIDX","M","2019-01",100.515320450215,
"USA","BCI","AMPLITUD","LTRENDIDX","M","2019-02",100.349512901816,
"USA","BCI","AMPLITUD","LTRENDIDX","M","2019-03",100.216885277193,
"USA","BCI","AMPLITUD","LTRENDIDX","M","2019-04",99.9941387850048,
"USA","BCI","AMPLITUD","LTRENDIDX","M","2019-05",99.7895519227907,
"USA","BCI","AMPLITUD","LTRENDIDX","M","2019-06",99.6051647047489,
"USA","BCI","AMPLITUD","LTRENDIDX","M","2019-07",99.3844080899137,
"USA","BCI","AMPLITUD","LTRENDIDX","M","2019-08",99.1068012378924,
"USA","BCI","AMPLITUD","LTRENDIDX","M","2019-09",98.8965956708175,
"USA","BCI","AMPLITUD","LTRENDIDX","M","2019-10",98.8295098232622,
"USA","BCI","AMPLITUD","LTRENDIDX","M","2019-11",98.8514422318204,
"USA","BCI","AMPLITUD","LTRENDIDX","M","2019-12",98.9576698355449,
"USA","BCI","AMPLITUD","LTRENDIDX","M","2020-01",99.1260705862365,
"USA","BCI","AMPLITUD","LTRENDIDX","M","2020-02",99.0090934295302,
"USA","BCI","AMPLITUD","LTRENDIDX","M","2020-03",98.5949897055344,
"USA","BCI","AMPLITUD","LTRENDIDX","M","2020-04",98.1454103809252,
"USA","BCI","AMPLITUD","LTRENDIDX","M","2020-05",98.3852848671769,
"USA","BCI","AMPLITUD","LTRENDIDX","M","2020-06",99.2482910613588,
"USA","BCI","AMPLITUD","LTRENDIDX","M","2020-07",99.9957407091072,
"USA","BCI","AMPLITUD","LTRENDIDX","M","2020-08",100.483709815209,
"USA","BCI","AMPLITUD","LTRENDIDX","M","2020-09",100.774348845079,
"USA","BCI","AMPLITUD","LTRENDIDX","M","2020-10",101.05151844903,
"USA","BCI","AMPLITUD","LTRENDIDX","M","2020-11",101.195615488951,
"USA","BCI","AMPLITUD","LTRENDIDX","M","2020-12",101.380880566835,
"USA","BCI","AMPLITUD","LTRENDIDX","M","2021-01",101.527696154479,
"USA","BCI","AMPLITUD","LTRENDIDX","M","2021-02",101.7899962329,
"USA","BCI","AMPLITUD","LTRENDIDX","M","2021-03",102.004845874311,
"USA","BCI","AMPLITUD","LTRENDIDX","M","2021-04",101.901013465808,
"USA","BCI","AMPLITUD","LTRENDIDX","M","2021-05",101.758598200439,
"USA","BCI","AMPLITUD","LTRENDIDX","M","2021-06",101.615962862652,
"USA","BCI","AMPLITUD","LTRENDIDX","M","2021-07",101.524261546541,
"USA","BCI","AMPLITUD","LTRENDIDX","M","2021-08",101.555540050177,
"USA","BCI","AMPLITUD","LTRENDIDX","M","2021-09",101.647789795381,
"USA","BCI","AMPLITUD","LTRENDIDX","M","2021-10",101.663359286385,
"USA","BCI","AMPLITUD","LTRENDIDX","M","2021-11",101.565774251556,
"USA","BCI","AMPLITUD","LTRENDIDX","M","2021-12",101.336900680654,
"USA","BCI","AMPLITUD","LTRENDIDX","M","2022-01",101.141797331396,
"USA","BCI","AMPLITUD","LTRENDIDX","M","2022-02",101.019449526521,
"USA","BCI","AMPLITUD","LTRENDIDX","M","2022-03",100.831225106706,
"USA","BCI","AMPLITUD","LTRENDIDX","M","2022-04",100.607447141205,
"USA","BCI","AMPLITUD","LTRENDIDX","M","2022-05",100.39928098902,
"USA","BCI","AMPLITUD","LTRENDIDX","M","2022-06",100.121329924597,
"USA","BCI","AMPLITUD","LTRENDIDX","M","2022-07",99.9167587240491,
"USA","BCI","AMPLITUD","LTRENDIDX","M","2022-08",99.7401475217092,
"USA","BCI","AMPLITUD","LTRENDIDX","M","2022-09",99.5172180295233,
"USA","BCI","AMPLITUD","LTRENDIDX","M","2022-10",99.3214447393913,
"USA","BCI","AMPLITUD","LTRENDIDX","M","2022-11",99.1709570943991,
"USA","BCI","AMPLITUD","LTRENDIDX","M","2022-12",99.0673553449159,
"USA","BCI","AMPLITUD","LTRENDIDX","M","2023-01",98.9892407595503,
"USA","BCI","AMPLITUD","LTRENDIDX","M","2023-02",98.9285499029045,
"USA","BCI","AMPLITUD","LTRENDIDX","M","2023-03",98.8565567680575,
"GBR","BCI","AMPLITUD","LTRENDIDX","M","2017-06",103.360271011484,
"GBR","BCI","AMPLITUD","LTRENDIDX","M","2017-07",103.524640603525,
"GBR","BCI","AMPLITUD","LTRENDIDX","M","2017-08",103.365893267854,
"GBR","BCI","AMPLITUD","LTRENDIDX","M","2017-09",103.126307384456,
"GBR","BCI","AMPLITUD","LTRENDIDX","M","2017-10",103.038291579162,
"GBR","BCI","AMPLITUD","LTRENDIDX","M","2017-11",103.179718807447,
"GBR","BCI","AMPLITUD","LTRENDIDX","M","2017-12",103.229990034052,
"GBR","BCI","AMPLITUD","LTRENDIDX","M","2018-01",102.936453438538,
"GBR","BCI","AMPLITUD","LTRENDIDX","M","2018-02",102.229556257038,
"GBR","BCI","AMPLITUD","LTRENDIDX","M","2018-03",101.645707383613,
"GBR","BCI","AMPLITUD","LTRENDIDX","M","2018-04",101.668475261069,
"GBR","BCI","AMPLITUD","LTRENDIDX","M","2018-05",101.896406125513,
"GBR","BCI","AMPLITUD","LTRENDIDX","M","2018-06",102.257133165235,
"GBR","BCI","AMPLITUD","LTRENDIDX","M","2018-07",102.493909571224,
"GBR","BCI","AMPLITUD","LTRENDIDX","M","2018-08",102.444563524296,
"GBR","BCI","AMPLITUD","LTRENDIDX","M","2018-09",102.203813279323,
"GBR","BCI","AMPLITUD","LTRENDIDX","M","2018-10",102.064264509145,
"GBR","BCI","AMPLITUD","LTRENDIDX","M","2018-11",102.25892675834,
"GBR","BCI","AMPLITUD","LTRENDIDX","M","2018-12",102.351005773397,
"GBR","BCI","AMPLITUD","LTRENDIDX","M","2019-01",101.998364746773,
"GBR","BCI","AMPLITUD","LTRENDIDX","M","2019-02",101.384329437118,
"GBR","BCI","AMPLITUD","LTRENDIDX","M","2019-03",100.753442970029,
"GBR","BCI","AMPLITUD","LTRENDIDX","M","2019-04",100.132113058643,
"GBR","BCI","AMPLITUD","LTRENDIDX","M","2019-05",99.5579262380429,
"GBR","BCI","AMPLITUD","LTRENDIDX","M","2019-06",99.2134193319265,
"GBR","BCI","AMPLITUD","LTRENDIDX","M","2019-07",98.8241784536653,
"GBR","BCI","AMPLITUD","LTRENDIDX","M","2019-08",98.4642514161312,
"GBR","BCI","AMPLITUD","LTRENDIDX","M","2019-09",97.9762391469811,
"GBR","BCI","AMPLITUD","LTRENDIDX","M","2019-10",98.1156073558338,
"GBR","BCI","AMPLITUD","LTRENDIDX","M","2019-11",98.4666196784578,
"GBR","BCI","AMPLITUD","LTRENDIDX","M","2019-12",98.6272448683378,
"GBR","BCI","AMPLITUD","LTRENDIDX","M","2020-01",98.6967280940568,
"GBR","BCI","AMPLITUD","LTRENDIDX","M","2020-02",98.0962917897273,
"GBR","BCI","AMPLITUD","LTRENDIDX","M","2020-03",96.3483680666721,
"GBR","BCI","AMPLITUD","LTRENDIDX","M","2020-04",94.3235553102946,
"GBR","BCI","AMPLITUD","LTRENDIDX","M","2020-05",93.8694659408864,
"GBR","BCI","AMPLITUD","LTRENDIDX","M","2020-06",94.8935827911646,
"GBR","BCI","AMPLITUD","LTRENDIDX","M","2020-07",96.4805712421308,
"GBR","BCI","AMPLITUD","LTRENDIDX","M","2020-08",97.3971280926956,
"GBR","BCI","AMPLITUD","LTRENDIDX","M","2020-09",98.2807988086114,
"GBR","BCI","AMPLITUD","LTRENDIDX","M","2020-10",98.9591989412459,
"GBR","BCI","AMPLITUD","LTRENDIDX","M","2020-11",98.6751076050872,
"GBR","BCI","AMPLITUD","LTRENDIDX","M","2020-12",98.4510186353499,
"GBR","BCI","AMPLITUD","LTRENDIDX","M","2021-01",98.4138248795518,
"GBR","BCI","AMPLITUD","LTRENDIDX","M","2021-02",99.5538426443521,
"GBR","BCI","AMPLITUD","LTRENDIDX","M","2021-03",101.409476958112,
"GBR","BCI","AMPLITUD","LTRENDIDX","M","2021-04",102.876813069282,
"GBR","BCI","AMPLITUD","LTRENDIDX","M","2021-05",104.051886797821,
"GBR","BCI","AMPLITUD","LTRENDIDX","M","2021-06",104.746896546972,
"GBR","BCI","AMPLITUD","LTRENDIDX","M","2021-07",105.045303131308,
"GBR","BCI","AMPLITUD","LTRENDIDX","M","2021-08",104.948804190669,
"GBR","BCI","AMPLITUD","LTRENDIDX","M","2021-09",105.004059931435,
"GBR","BCI","AMPLITUD","LTRENDIDX","M","2021-10",105.290924840823,
"GBR","BCI","AMPLITUD","LTRENDIDX","M","2021-11",105.585469686337,
"GBR","BCI","AMPLITUD","LTRENDIDX","M","2021-12",105.562851212628,
"GBR","BCI","AMPLITUD","LTRENDIDX","M","2022-01",105.282161972823,
"GBR","BCI","AMPLITUD","LTRENDIDX","M","2022-02",104.905458496277,
"GBR","BCI","AMPLITUD","LTRENDIDX","M","2022-03",104.526288799865,
"GBR","BCI","AMPLITUD","LTRENDIDX","M","2022-04",104.120783268366,
"GBR","BCI","AMPLITUD","LTRENDIDX","M","2022-05",103.885516122397,
"GBR","BCI","AMPLITUD","LTRENDIDX","M","2022-06",103.142408161238,
"GBR","BCI","AMPLITUD","LTRENDIDX","M","2022-07",102.125814234394,
"GBR","BCI","AMPLITUD","LTRENDIDX","M","2022-08",101.049695558295,
"GBR","BCI","AMPLITUD","LTRENDIDX","M","2022-09",100.564826413958,
"GBR","BCI","AMPLITUD","LTRENDIDX","M","2022-10",100.659097068763,
"GBR","BCI","AMPLITUD","LTRENDIDX","M","2022-11",100.529469599655,
"GBR","BCI","AMPLITUD","LTRENDIDX","M","2022-12",100.401717441934,
"GBR","BCI","AMPLITUD","LTRENDIDX","M","2023-01",100.361782608611,
"GBR","BCI","AMPLITUD","LTRENDIDX","M","2023-02",100.180349326451,
"GBR","BCI","AMPLITUD","LTRENDIDX","M","2023-03",100.087607131993,
"IND","BCI","AMPLITUD","LTRENDIDX","M","2017-06",98.4728400592539,
"IND","BCI","AMPLITUD","LTRENDIDX","M","2017-07",98.8543543305072,
"IND","BCI","AMPLITUD","LTRENDIDX","M","2017-08",99.2317385449252,
"IND","BCI","AMPLITUD","LTRENDIDX","M","2017-09",99.5240391991343,
"IND","BCI","AMPLITUD","LTRENDIDX","M","2017-10",99.7110130622016,
"IND","BCI","AMPLITUD","LTRENDIDX","M","2017-11",99.749814463182,
"IND","BCI","AMPLITUD","LTRENDIDX","M","2017-12",99.597009369808,
"IND","BCI","AMPLITUD","LTRENDIDX","M","2018-01",99.3787619292665,
"IND","BCI","AMPLITUD","LTRENDIDX","M","2018-02",99.2510564431128,
"IND","BCI","AMPLITUD","LTRENDIDX","M","2018-03",99.3253616893526,
"IND","BCI","AMPLITUD","LTRENDIDX","M","2018-04",99.5037532901361,
"IND","BCI","AMPLITUD","LTRENDIDX","M","2018-05",99.6553939956264,
"IND","BCI","AMPLITUD","LTRENDIDX","M","2018-06",99.6889276133242,
"IND","BCI","AMPLITUD","LTRENDIDX","M","2018-07",99.6516238326858,
"IND","BCI","AMPLITUD","LTRENDIDX","M","2018-08",99.6122494307224,
"IND","BCI","AMPLITUD","LTRENDIDX","M","2018-09",99.6147768759363,
"IND","BCI","AMPLITUD","LTRENDIDX","M","2018-10",99.6341635535809,
"IND","BCI","AMPLITUD","LTRENDIDX","M","2018-11",99.6156219087985,
"IND","BCI","AMPLITUD","LTRENDIDX","M","2018-12",99.4970303573269,
"IND","BCI","AMPLITUD","LTRENDIDX","M","2019-01",99.2692725186336,
"IND","BCI","AMPLITUD","LTRENDIDX","M","2019-02",98.8858408256297,
"IND","BCI","AMPLITUD","LTRENDIDX","M","2019-03",98.2816064216074,
"IND","BCI","AMPLITUD","LTRENDIDX","M","2019-04",97.5472629114862,
"IND","BCI","AMPLITUD","LTRENDIDX","M","2019-05",96.7812041755107,
"IND","BCI","AMPLITUD","LTRENDIDX","M","2019-06",96.0715112890473,
"IND","BCI","AMPLITUD","LTRENDIDX","M","2019-07",95.5096546682349,
"IND","BCI","AMPLITUD","LTRENDIDX","M","2019-08",95.2314255428262,
"IND","BCI","AMPLITUD","LTRENDIDX","M","2019-09",95.3100311633784,
"IND","BCI","AMPLITUD","LTRENDIDX","M","2019-10",95.3655625130394,
"IND","BCI","AMPLITUD","LTRENDIDX","M","2019-11",94.8625669821586,
"IND","BCI","AMPLITUD","LTRENDIDX","M","2019-12",93.4306953137879,
"IND","BCI","AMPLITUD","LTRENDIDX","M","2020-01",91.7438754297246,
"IND","BCI","AMPLITUD","LTRENDIDX","M","2020-02",90.7787095046115,
"IND","BCI","AMPLITUD","LTRENDIDX","M","2020-03",91.327819255728,
"IND","BCI","AMPLITUD","LTRENDIDX","M","2020-04",92.7915372738323,
"IND","BCI","AMPLITUD","LTRENDIDX","M","2020-05",94.4678911595049,
"IND","BCI","AMPLITUD","LTRENDIDX","M","2020-06",95.9279793925052,
"IND","BCI","AMPLITUD","LTRENDIDX","M","2020-07",97.1787113335588,
"IND","BCI","AMPLITUD","LTRENDIDX","M","2020-08",98.2894562884935,
"IND","BCI","AMPLITUD","LTRENDIDX","M","2020-09",99.2280488643208,
"IND","BCI","AMPLITUD","LTRENDIDX","M","2020-10",99.8367813114373,
"IND","BCI","AMPLITUD","LTRENDIDX","M","2020-11",99.7715603031759,
"IND","BCI","AMPLITUD","LTRENDIDX","M","2020-12",98.7709238440683,
"IND","BCI","AMPLITUD","LTRENDIDX","M","2021-01",97.5990116334856,
"IND","BCI","AMPLITUD","LTRENDIDX","M","2021-02",97.332500402339,
"IND","BCI","AMPLITUD","LTRENDIDX","M","2021-03",98.8188150012562,
"IND","BCI","AMPLITUD","LTRENDIDX","M","2021-04",101.228938509323,
"IND","BCI","AMPLITUD","LTRENDIDX","M","2021-05",103.496928819759,
"IND","BCI","AMPLITUD","LTRENDIDX","M","2021-06",104.835626316453,
"IND","BCI","AMPLITUD","LTRENDIDX","M","2021-07",105.394494748115,
"IND","BCI","AMPLITUD","LTRENDIDX","M","2021-08",105.338899615104,
"IND","BCI","AMPLITUD","LTRENDIDX","M","2021-09",104.709215621274,
"IND","BCI","AMPLITUD","LTRENDIDX","M","2021-10",103.894397690501,
"IND","BCI","AMPLITUD","LTRENDIDX","M","2021-11",103.300320428434,
"IND","BCI","AMPLITUD","LTRENDIDX","M","2021-12",103.20325152118,
"IND","BCI","AMPLITUD","LTRENDIDX","M","2022-01",103.382584465294,
"IND","BCI","AMPLITUD","LTRENDIDX","M","2022-02",103.552288181843,
"IND","BCI","AMPLITUD","LTRENDIDX","M","2022-03",103.515954779102,
"IND","BCI","AMPLITUD","LTRENDIDX","M","2022-04",103.331476542818,
"IND","BCI","AMPLITUD","LTRENDIDX","M","2022-05",103.096593808838,
"IND","BCI","AMPLITUD","LTRENDIDX","M","2022-06",102.882587669293,
"IND","BCI","AMPLITUD","LTRENDIDX","M","2022-07",102.718377176461,
"IND","BCI","AMPLITUD","LTRENDIDX","M","2022-08",102.637335128913,
"IND","BCI","AMPLITUD","LTRENDIDX","M","2022-09",102.674308210936,
"IND","BCI","AMPLITUD","LTRENDIDX","M","2022-10",102.779468686677,
"IND","BCI","AMPLITUD","LTRENDIDX","M","2022-11",102.906734083177,
"OECD","BCI","AMPLITUD","LTRENDIDX","M","2017-06",101.0306,
"OECD","BCI","AMPLITUD","LTRENDIDX","M","2017-07",101.1607,
"OECD","BCI","AMPLITUD","LTRENDIDX","M","2017-08",101.3068,
"OECD","BCI","AMPLITUD","LTRENDIDX","M","2017-09",101.4334,
"OECD","BCI","AMPLITUD","LTRENDIDX","M","2017-10",101.4756,
"OECD","BCI","AMPLITUD","LTRENDIDX","M","2017-11",101.4982,
"OECD","BCI","AMPLITUD","LTRENDIDX","M","2017-12",101.5249,
"OECD","BCI","AMPLITUD","LTRENDIDX","M","2018-01",101.5345,
"OECD","BCI","AMPLITUD","LTRENDIDX","M","2018-02",101.507,
"OECD","BCI","AMPLITUD","LTRENDIDX","M","2018-03",101.4287,
"OECD","BCI","AMPLITUD","LTRENDIDX","M","2018-04",101.3815,
"OECD","BCI","AMPLITUD","LTRENDIDX","M","2018-05",101.372,
"OECD","BCI","AMPLITUD","LTRENDIDX","M","2018-06",101.353,
"OECD","BCI","AMPLITUD","LTRENDIDX","M","2018-07",101.2936,
"OECD","BCI","AMPLITUD","LTRENDIDX","M","2018-08",101.2303,
"OECD","BCI","AMPLITUD","LTRENDIDX","M","2018-09",101.0996,
"OECD","BCI","AMPLITUD","LTRENDIDX","M","2018-10",100.9527,
"OECD","BCI","AMPLITUD","LTRENDIDX","M","2018-11",100.849,
"OECD","BCI","AMPLITUD","LTRENDIDX","M","2018-12",100.6874,
"OECD","BCI","AMPLITUD","LTRENDIDX","M","2019-01",100.558,
"OECD","BCI","AMPLITUD","LTRENDIDX","M","2019-02",100.4361,
"OECD","BCI","AMPLITUD","LTRENDIDX","M","2019-03",100.3493,
"OECD","BCI","AMPLITUD","LTRENDIDX","M","2019-04",100.2236,
"OECD","BCI","AMPLITUD","LTRENDIDX","M","2019-05",100.073,
"OECD","BCI","AMPLITUD","LTRENDIDX","M","2019-06",99.87826,
"OECD","BCI","AMPLITUD","LTRENDIDX","M","2019-07",99.66499,
"OECD","BCI","AMPLITUD","LTRENDIDX","M","2019-08",99.50513,
"OECD","BCI","AMPLITUD","LTRENDIDX","M","2019-09",99.38657,
"OECD","BCI","AMPLITUD","LTRENDIDX","M","2019-10",99.39219,
"OECD","BCI","AMPLITUD","LTRENDIDX","M","2019-11",99.46411,
"OECD","BCI","AMPLITUD","LTRENDIDX","M","2019-12",99.52119,
"OECD","BCI","AMPLITUD","LTRENDIDX","M","2020-01",99.4746,
"OECD","BCI","AMPLITUD","LTRENDIDX","M","2020-02",99.01807,
"OECD","BCI","AMPLITUD","LTRENDIDX","M","2020-03",98.01379,
"OECD","BCI","AMPLITUD","LTRENDIDX","M","2020-04",96.8922,
"OECD","BCI","AMPLITUD","LTRENDIDX","M","2020-05",96.75636,
"OECD","BCI","AMPLITUD","LTRENDIDX","M","2020-06",97.4799,
"OECD","BCI","AMPLITUD","LTRENDIDX","M","2020-07",98.36142,
"OECD","BCI","AMPLITUD","LTRENDIDX","M","2020-08",99.02824,
"OECD","BCI","AMPLITUD","LTRENDIDX","M","2020-09",99.46556,
"OECD","BCI","AMPLITUD","LTRENDIDX","M","2020-10",99.7803,
"OECD","BCI","AMPLITUD","LTRENDIDX","M","2020-11",99.92477,
"OECD","BCI","AMPLITUD","LTRENDIDX","M","2020-12",100.1164,
"OECD","BCI","AMPLITUD","LTRENDIDX","M","2021-01",100.317,
"OECD","BCI","AMPLITUD","LTRENDIDX","M","2021-02",100.645,
"OECD","BCI","AMPLITUD","LTRENDIDX","M","2021-03",101.04,
"OECD","BCI","AMPLITUD","LTRENDIDX","M","2021-04",101.3229,
"OECD","BCI","AMPLITUD","LTRENDIDX","M","2021-05",101.576,
"OECD","BCI","AMPLITUD","LTRENDIDX","M","2021-06",101.7736,
"OECD","BCI","AMPLITUD","LTRENDIDX","M","2021-07",101.9016,
"OECD","BCI","AMPLITUD","LTRENDIDX","M","2021-08",101.9767,
"OECD","BCI","AMPLITUD","LTRENDIDX","M","2021-09",102.0506,
"OECD","BCI","AMPLITUD","LTRENDIDX","M","2021-10",102.0925,
"OECD","BCI","AMPLITUD","LTRENDIDX","M","2021-11",102.0892,
"OECD","BCI","AMPLITUD","LTRENDIDX","M","2021-12",101.9842,
"OECD","BCI","AMPLITUD","LTRENDIDX","M","2022-01",101.8341,
"OECD","BCI","AMPLITUD","LTRENDIDX","M","2022-02",101.6799,
"OECD","BCI","AMPLITUD","LTRENDIDX","M","2022-03",101.4713,
"OECD","BCI","AMPLITUD","LTRENDIDX","M","2022-04",101.2729,
"OECD","BCI","AMPLITUD","LTRENDIDX","M","2022-05",101.0804,
"OECD","BCI","AMPLITUD","LTRENDIDX","M","2022-06",100.782,
"OECD","BCI","AMPLITUD","LTRENDIDX","M","2022-07",100.4447,
"OECD","BCI","AMPLITUD","LTRENDIDX","M","2022-08",100.1308,
"OECD","BCI","AMPLITUD","LTRENDIDX","M","2022-09",99.85976,
"OECD","BCI","AMPLITUD","LTRENDIDX","M","2022-10",99.69047,
"OECD","BCI","AMPLITUD","LTRENDIDX","M","2022-11",99.60342,
"OECD","BCI","AMPLITUD","LTRENDIDX","M","2022-12",99.59354,
"OECD","BCI","AMPLITUD","LTRENDIDX","M","2023-01",99.64666,
"OECD","BCI","AMPLITUD","LTRENDIDX","M","2023-02",99.69326,
"OECD","BCI","AMPLITUD","LTRENDIDX","M","2023-03",99.77238,
"BRA","BCI","AMPLITUD","LTRENDIDX","M","2017-06",98.7856067595536,
"BRA","BCI","AMPLITUD","LTRENDIDX","M","2017-07",98.8788464250575,
"BRA","BCI","AMPLITUD","LTRENDIDX","M","2017-08",99.1160112167497,
"BRA","BCI","AMPLITUD","LTRENDIDX","M","2017-09",99.4628613320977,
"BRA","BCI","AMPLITUD","LTRENDIDX","M","2017-10",99.8529182356665,
"BRA","BCI","AMPLITUD","LTRENDIDX","M","2017-11",100.201963901211,
"BRA","BCI","AMPLITUD","LTRENDIDX","M","2017-12",100.430954602325,
"BRA","BCI","AMPLITUD","LTRENDIDX","M","2018-01",100.547153053376,
"BRA","BCI","AMPLITUD","LTRENDIDX","M","2018-02",100.60441594324,
"BRA","BCI","AMPLITUD","LTRENDIDX","M","2018-03",100.621409708768,
"BRA","BCI","AMPLITUD","LTRENDIDX","M","2018-04",100.558761869441,
"BRA","BCI","AMPLITUD","LTRENDIDX","M","2018-05",100.456931272173,
"BRA","BCI","AMPLITUD","LTRENDIDX","M","2018-06",100.343991920308,
"BRA","BCI","AMPLITUD","LTRENDIDX","M","2018-07",100.285842234111,
"BRA","BCI","AMPLITUD","LTRENDIDX","M","2018-08",100.155002157447,
"BRA","BCI","AMPLITUD","LTRENDIDX","M","2018-09",99.9296624156113,
"BRA","BCI","AMPLITUD","LTRENDIDX","M","2018-10",99.7729032552113,
"BRA","BCI","AMPLITUD","LTRENDIDX","M","2018-11",99.7590279304906,
"BRA","BCI","AMPLITUD","LTRENDIDX","M","2018-12",99.8238365166193,
"BRA","BCI","AMPLITUD","LTRENDIDX","M","2019-01",99.9677794692647,
"BRA","BCI","AMPLITUD","LTRENDIDX","M","2019-02",100.05349214039,
"BRA","BCI","AMPLITUD","LTRENDIDX","M","2019-03",100.040408295309,
"BRA","BCI","AMPLITUD","LTRENDIDX","M","2019-04",99.985083002856,
"BRA","BCI","AMPLITUD","LTRENDIDX","M","2019-05",99.8649982456171,
"BRA","BCI","AMPLITUD","LTRENDIDX","M","2019-06",99.7371308859375,
"BRA","BCI","AMPLITUD","LTRENDIDX","M","2019-07",99.6687591883105,
"BRA","BCI","AMPLITUD","LTRENDIDX","M","2019-08",99.676051944207,
"BRA","BCI","AMPLITUD","LTRENDIDX","M","2019-09",99.7236117206662,
"BRA","BCI","AMPLITUD","LTRENDIDX","M","2019-10",99.8548390024718,
"BRA","BCI","AMPLITUD","LTRENDIDX","M","2019-11",100.144372415693,
"BRA","BCI","AMPLITUD","LTRENDIDX","M","2019-12",100.480825884582,
"BRA","BCI","AMPLITUD","LTRENDIDX","M","2020-01",100.535361902242,
"BRA","BCI","AMPLITUD","LTRENDIDX","M","2020-02",99.855415868215,
"BRA","BCI","AMPLITUD","LTRENDIDX","M","2020-03",98.0682667547047,
"BRA","BCI","AMPLITUD","LTRENDIDX","M","2020-04",95.6470187019034,
"BRA","BCI","AMPLITUD","LTRENDIDX","M","2020-05",95.026672753395,
"BRA","BCI","AMPLITUD","LTRENDIDX","M","2020-06",96.2629797911324,
"BRA","BCI","AMPLITUD","LTRENDIDX","M","2020-07",98.2034140762363,
"BRA","BCI","AMPLITUD","LTRENDIDX","M","2020-08",100.038418397232,
"BRA","BCI","AMPLITUD","LTRENDIDX","M","2020-09",101.460237480556,
"BRA","BCI","AMPLITUD","LTRENDIDX","M","2020-10",102.359346660617,
"BRA","BCI","AMPLITUD","LTRENDIDX","M","2020-11",102.779201777202,
"BRA","BCI","AMPLITUD","LTRENDIDX","M","2020-12",102.791450047077,
"BRA","BCI","AMPLITUD","LTRENDIDX","M","2021-01",102.403010080317,
"BRA","BCI","AMPLITUD","LTRENDIDX","M","2021-02",101.853551631103,
"BRA","BCI","AMPLITUD","LTRENDIDX","M","2021-03",101.384479523153,
"BRA","BCI","AMPLITUD","LTRENDIDX","M","2021-04",101.203350282123,
"BRA","BCI","AMPLITUD","LTRENDIDX","M","2021-05",101.316281089972,
"BRA","BCI","AMPLITUD","LTRENDIDX","M","2021-06",101.588629240179,
"BRA","BCI","AMPLITUD","LTRENDIDX","M","2021-07",101.75251111571,
"BRA","BCI","AMPLITUD","LTRENDIDX","M","2021-08",101.719495855615,
"BRA","BCI","AMPLITUD","LTRENDIDX","M","2021-09",101.554380377574,
"BRA","BCI","AMPLITUD","LTRENDIDX","M","2021-10",101.267305066363,
"BRA","BCI","AMPLITUD","LTRENDIDX","M","2021-11",100.875626578341,
"BRA","BCI","AMPLITUD","LTRENDIDX","M","2021-12",100.484507805553,
"BRA","BCI","AMPLITUD","LTRENDIDX","M","2022-01",100.145175883715,
"BRA","BCI","AMPLITUD","LTRENDIDX","M","2022-02",99.9018987198262,
"BRA","BCI","AMPLITUD","LTRENDIDX","M","2022-03",99.8387960056,
"BRA","BCI","AMPLITUD","LTRENDIDX","M","2022-04",100.030595472947,
"BRA","BCI","AMPLITUD","LTRENDIDX","M","2022-05",100.313214699798,
"BRA","BCI","AMPLITUD","LTRENDIDX","M","2022-06",100.504932336973,
"BRA","BCI","AMPLITUD","LTRENDIDX","M","2022-07",100.519532463295,
"BRA","BCI","AMPLITUD","LTRENDIDX","M","2022-08",100.432693632294,
"BRA","BCI","AMPLITUD","LTRENDIDX","M","2022-09",100.174867837486,
"BRA","BCI","AMPLITUD","LTRENDIDX","M","2022-10",99.755776241445,
"BRA","BCI","AMPLITUD","LTRENDIDX","M","2022-11",99.3845780725359,
"BRA","BCI","AMPLITUD","LTRENDIDX","M","2022-12",99.2350919551133,
"BRA","BCI","AMPLITUD","LTRENDIDX","M","2023-01",99.1975380371013,
"BRA","BCI","AMPLITUD","LTRENDIDX","M","2023-02",99.2345094545256,
"BRA","BCI","AMPLITUD","LTRENDIDX","M","2023-03",99.3841120250075,
"EA19","BCI","AMPLITUD","LTRENDIDX","M","2017-06",101.8704,
"EA19","BCI","AMPLITUD","LTRENDIDX","M","2017-07",102.0025,
"EA19","BCI","AMPLITUD","LTRENDIDX","M","2017-08",102.1326,
"EA19","BCI","AMPLITUD","LTRENDIDX","M","2017-09",102.3227,
"EA19","BCI","AMPLITUD","LTRENDIDX","M","2017-10",102.5024,
"EA19","BCI","AMPLITUD","LTRENDIDX","M","2017-11",102.6192,
"EA19","BCI","AMPLITUD","LTRENDIDX","M","2017-12",102.6669,
"EA19","BCI","AMPLITUD","LTRENDIDX","M","2018-01",102.6246,
"EA19","BCI","AMPLITUD","LTRENDIDX","M","2018-02",102.4857,
"EA19","BCI","AMPLITUD","LTRENDIDX","M","2018-03",102.3373,
"EA19","BCI","AMPLITUD","LTRENDIDX","M","2018-04",102.2535,
"EA19","BCI","AMPLITUD","LTRENDIDX","M","2018-05",102.1604,
"EA19","BCI","AMPLITUD","LTRENDIDX","M","2018-06",102.071,
"EA19","BCI","AMPLITUD","LTRENDIDX","M","2018-07",101.9516,
"EA19","BCI","AMPLITUD","LTRENDIDX","M","2018-08",101.8679,
"EA19","BCI","AMPLITUD","LTRENDIDX","M","2018-09",101.8206,
"EA19","BCI","AMPLITUD","LTRENDIDX","M","2018-10",101.7353,
"EA19","BCI","AMPLITUD","LTRENDIDX","M","2018-11",101.6038,
"EA19","BCI","AMPLITUD","LTRENDIDX","M","2018-12",101.3613,
"EA19","BCI","AMPLITUD","LTRENDIDX","M","2019-01",101.0753,
"EA19","BCI","AMPLITUD","LTRENDIDX","M","2019-02",100.8095,
"EA19","BCI","AMPLITUD","LTRENDIDX","M","2019-03",100.5508,
"EA19","BCI","AMPLITUD","LTRENDIDX","M","2019-04",100.3055,
"EA19","BCI","AMPLITUD","LTRENDIDX","M","2019-05",100.1306,
"EA19","BCI","AMPLITUD","LTRENDIDX","M","2019-06",99.88787,
"EA19","BCI","AMPLITUD","LTRENDIDX","M","2019-07",99.68359,
"EA19","BCI","AMPLITUD","LTRENDIDX","M","2019-08",99.58186,
"EA19","BCI","AMPLITUD","LTRENDIDX","M","2019-09",99.46877,
"EA19","BCI","AMPLITUD","LTRENDIDX","M","2019-10",99.45645,
"EA19","BCI","AMPLITUD","LTRENDIDX","M","2019-11",99.56162,
"EA19","BCI","AMPLITUD","LTRENDIDX","M","2019-12",99.69886,
"EA19","BCI","AMPLITUD","LTRENDIDX","M","2020-01",99.7078,
"EA19","BCI","AMPLITUD","LTRENDIDX","M","2020-02",99.1214,
"EA19","BCI","AMPLITUD","LTRENDIDX","M","2020-03",97.66726,
"EA19","BCI","AMPLITUD","LTRENDIDX","M","2020-04",95.94853,
"EA19","BCI","AMPLITUD","LTRENDIDX","M","2020-05",95.68849,
"EA19","BCI","AMPLITUD","LTRENDIDX","M","2020-06",96.5165,
"EA19","BCI","AMPLITUD","LTRENDIDX","M","2020-07",97.66441,
"EA19","BCI","AMPLITUD","LTRENDIDX","M","2020-08",98.63158,
"EA19","BCI","AMPLITUD","LTRENDIDX","M","2020-09",99.26553,
"EA19","BCI","AMPLITUD","LTRENDIDX","M","2020-10",99.64512,
"EA19","BCI","AMPLITUD","LTRENDIDX","M","2020-11",99.86248,
"EA19","BCI","AMPLITUD","LTRENDIDX","M","2020-12",100.1537,
"EA19","BCI","AMPLITUD","LTRENDIDX","M","2021-01",100.4924,
"EA19","BCI","AMPLITUD","LTRENDIDX","M","2021-02",100.9601,
"EA19","BCI","AMPLITUD","LTRENDIDX","M","2021-03",101.5209,
"EA19","BCI","AMPLITUD","LTRENDIDX","M","2021-04",102.0829,
"EA19","BCI","AMPLITUD","LTRENDIDX","M","2021-05",102.5802,
"EA19","BCI","AMPLITUD","LTRENDIDX","M","2021-06",103.0152,
"EA19","BCI","AMPLITUD","LTRENDIDX","M","2021-07",103.3398,
"EA19","BCI","AMPLITUD","LTRENDIDX","M","2021-08",103.4928,
"EA19","BCI","AMPLITUD","LTRENDIDX","M","2021-09",103.5663,
"EA19","BCI","AMPLITUD","LTRENDIDX","M","2021-10",103.5967,
"EA19","BCI","AMPLITUD","LTRENDIDX","M","2021-11",103.5849,
"EA19","BCI","AMPLITUD","LTRENDIDX","M","2021-12",103.5419,
"EA19","BCI","AMPLITUD","LTRENDIDX","M","2022-01",103.4063,
"EA19","BCI","AMPLITUD","LTRENDIDX","M","2022-02",103.1436,
"EA19","BCI","AMPLITUD","LTRENDIDX","M","2022-03",102.693,
"EA19","BCI","AMPLITUD","LTRENDIDX","M","2022-04",102.3245,
"EA19","BCI","AMPLITUD","LTRENDIDX","M","2022-05",102.0691,
"EA19","BCI","AMPLITUD","LTRENDIDX","M","2022-06",101.8601,
"EA19","BCI","AMPLITUD","LTRENDIDX","M","2022-07",101.5247,
"EA19","BCI","AMPLITUD","LTRENDIDX","M","2022-08",101.1809,
"EA19","BCI","AMPLITUD","LTRENDIDX","M","2022-09",100.9126,
"EA19","BCI","AMPLITUD","LTRENDIDX","M","2022-10",100.7532,
"EA19","BCI","AMPLITUD","LTRENDIDX","M","2022-11",100.709,
"EA19","BCI","AMPLITUD","LTRENDIDX","M","2022-12",100.786,
"EA19","BCI","AMPLITUD","LTRENDIDX","M","2023-01",100.902,
"EA19","BCI","AMPLITUD","LTRENDIDX","M","2023-02",100.9226,
"EA19","BCI","AMPLITUD","LTRENDIDX","M","2023-03",100.8859,
